Id,Index,SubIndex,Access,Type,Length
1,1000,00,Read,UNSIGNED32,32
2,1001,00,Read,UNSIGNED8,8
3,1003,00,Read/Write,UNSIGNED8,8
4,1005,00,Read/Write,UNSIGNED32,32
5,1006,00,Read/Write,UNSIGNED32,32
6,1007,00,Read/Write,UNSIGNED32,32
7,1008,00,Read,VISIBLE STRING,0
8,1009,00,Read,VISIBLE_STRING,0
9,100A,00,Read,VISIBLE_STRING,0
10,100C,00,Read/Write,UNSIGNED16,16
11,100D,00,Read/Write,UNSIGNED8,8
12,1010,00,Read,UNSIGNED8,8
13,1010,01,Read/Write,UNSIGNED32,32
14,1010,02,Read/Write,UNSIGNED32,32
15,1010,03,Read/Write,UNSIGNED32,32
16,1010,04,Read/Write,UNSIGNED32,32
17,1010,05,Read/Write,UNSIGNED32,32
18,1010,06,Read/Write,UNSIGNED32,32
19,1010,07,Read/Write,UNSIGNED32,32
20,1010,08,Read/Write,UNSIGNED32,32
21,1010,09,Read/Write,UNSIGNED32,32
22,1010,0A,Read/Write,UNSIGNED32,32
23,1010,0B,Read/Write,UNSIGNED32,32
24,1010,0C,Read/Write,UNSIGNED32,32
25,1010,0D,Read/Write,UNSIGNED32,32
26,1011,00,Read,UNSIGNED8,8
27,1011,01,Read/Write,UNSIGNED32,32
28,1011,02,Read/Write,UNSIGNED32,32
29,1011,03,Read/Write,UNSIGNED32,32
30,1011,04,Read/Write,UNSIGNED32,32
31,1011,05,Read/Write,UNSIGNED32,32
32,1011,06,Read/Write,UNSIGNED32,32
33,1011,07,Read/Write,UNSIGNED32,32
34,1011,08,Read/Write,UNSIGNED32,32
35,1011,09,Read/Write,UNSIGNED32,32
36,1011,0A,Read/Write,UNSIGNED32,32
37,1011,0B,Read/Write,UNSIGNED32,32
38,1011,0C,Read/Write,UNSIGNED32,32
39,1011,0D,Read/Write,UNSIGNED32,32
40,1014,00,Read/Write,UNSIGNED32,32
41,1016,00,Read,UNSIGNED8,8
42,1016,01,Read/Write,UNSIGNED32,32
43,1017,00,Read/Write,UNSIGNED16,16
44,1018,00,Read,UNSIGNED8,8
45,1018,01,Read,UNSIGNED32,32
46,1018,02,Read,UNSIGNED32,32
47,1018,03,Read,UNSIGNED32,32
48,1018,04,Read,UNSIGNED32,32
49,1019,00,Read/Write,UNSIGNED8,8
50,1020,00,Read,UNSIGNED8,8
51,1020,01,Read/Write,UNSIGNED32,32
52,1020,02,Read/Write,UNSIGNED32,32
53,1029,00,Read,UNSIGNED8,8
54,1029,01,Read/Write,UNSIGNED8,8
55,1029,02,Read/Write,UNSIGNED8,8
56,1400,00,Read,UNSIGNED8,8
57,1400,01,Read/Write,UNSIGNED32,32
58,1400,02,Read/Write,UNSIGNED8,8
59,1401,00,Read,UNSIGNED8,8
60,1401,01,Read/Write,UNSIGNED32,32
61,1401,02,Read/Write,UNSIGNED8,8
62,1402,00,Read,UNSIGNED8,8
63,1402,01,Read/Write,UNSIGNED32,32
64,1402,02,Read/Write,UNSIGNED8,8
65,1403,00,Read,UNSIGNED8,8
66,1403,01,Read/Write,UNSIGNED32,32
67,1403,02,Read/Write,UNSIGNED8,8
68,1404,00,Read,UNSIGNED8,8
69,1404,01,Read/Write,UNSIGNED32,32
70,1404,02,Read/Write,UNSIGNED8,8
71,1405,00,Read,UNSIGNED8,8
72,1405,01,Read/Write,UNSIGNED32,32
73,1405,02,Read/Write,UNSIGNED8,8
74,1406,00,Read,UNSIGNED8,8
75,1406,01,Read/Write,UNSIGNED32,32
76,1406,02,Read/Write,UNSIGNED8,8
77,1407,00,Read,UNSIGNED8,8
78,1407,01,Read/Write,UNSIGNED32,32
79,1407,02,Read/Write,UNSIGNED8,8
80,1600,00,Read/Write,UNSIGNED8,8
81,1600,01,Read/Write,UNSIGNED32,32
82,1600,02,Read/Write,UNSIGNED32,32
83,1600,03,Read/Write,UNSIGNED32,32
84,1600,04,Read/Write,UNSIGNED32,32
85,1600,05,Read/Write,UNSIGNED32,32
86,1600,06,Read/Write,UNSIGNED32,32
87,1600,07,Read/Write,UNSIGNED32,32
88,1600,08,Read/Write,UNSIGNED32,32
89,1601,00,Read/Write,UNSIGNED8,8
90,1601,01,Read/Write,UNSIGNED32,32
91,1601,02,Read/Write,UNSIGNED32,32
92,1601,03,Read/Write,UNSIGNED32,32
93,1601,04,Read/Write,UNSIGNED32,32
94,1601,05,Read/Write,UNSIGNED32,32
95,1601,06,Read/Write,UNSIGNED32,32
96,1601,07,Read/Write,UNSIGNED32,32
97,1601,08,Read/Write,UNSIGNED32,32
98,1602,00,Read/Write,UNSIGNED8,8
99,1602,01,Read/Write,UNSIGNED32,32
100,1602,02,Read/Write,UNSIGNED32,32
101,1602,03,Read/Write,UNSIGNED32,32
102,1602,04,Read/Write,UNSIGNED32,32
103,1602,05,Read/Write,UNSIGNED32,32
104,1602,06,Read/Write,UNSIGNED32,32
105,1602,07,Read/Write,UNSIGNED32,32
106,1602,08,Read/Write,UNSIGNED32,32
107,1603,00,Read/Write,UNSIGNED8,8
108,1603,01,Read/Write,UNSIGNED32,32
109,1603,02,Read/Write,UNSIGNED32,32
110,1603,03,Read/Write,UNSIGNED32,32
111,1603,04,Read/Write,UNSIGNED32,32
112,1603,05,Read/Write,UNSIGNED32,32
113,1603,06,Read/Write,UNSIGNED32,32
114,1603,07,Read/Write,UNSIGNED32,32
115,1603,08,Read/Write,UNSIGNED32,32
116,1604,00,Read/Write,UNSIGNED8,8
117,1604,01,Read/Write,UNSIGNED32,32
118,1604,02,Read/Write,UNSIGNED32,32
119,1604,03,Read/Write,UNSIGNED32,32
120,1604,04,Read/Write,UNSIGNED32,32
121,1604,05,Read/Write,UNSIGNED32,32
122,1604,06,Read/Write,UNSIGNED32,32
123,1604,07,Read/Write,UNSIGNED32,32
124,1604,08,Read/Write,UNSIGNED32,32
125,1605,00,Read/Write,UNSIGNED8,8
126,1605,01,Read/Write,UNSIGNED32,32
127,1605,02,Read/Write,UNSIGNED32,32
128,1605,03,Read/Write,UNSIGNED32,32
129,1605,04,Read/Write,UNSIGNED32,32
130,1605,05,Read/Write,UNSIGNED32,32
131,1605,06,Read/Write,UNSIGNED32,32
132,1605,07,Read/Write,UNSIGNED32,32
133,1605,08,Read/Write,UNSIGNED32,32
134,1606,00,Read/Write,UNSIGNED8,8
135,1606,01,Read/Write,UNSIGNED32,32
136,1606,02,Read/Write,UNSIGNED32,32
137,1606,03,Read/Write,UNSIGNED32,32
138,1606,04,Read/Write,UNSIGNED32,32
139,1606,05,Read/Write,UNSIGNED32,32
140,1606,06,Read/Write,UNSIGNED32,32
141,1606,07,Read/Write,UNSIGNED32,32
142,1606,08,Read/Write,UNSIGNED32,32
143,1607,00,Read/Write,UNSIGNED8,8
144,1607,01,Read/Write,UNSIGNED32,32
145,1607,02,Read/Write,UNSIGNED32,32
146,1607,03,Read/Write,UNSIGNED32,32
147,1607,04,Read/Write,UNSIGNED32,32
148,1607,05,Read/Write,UNSIGNED32,32
149,1607,06,Read/Write,UNSIGNED32,32
150,1607,07,Read/Write,UNSIGNED32,32
151,1607,08,Read/Write,UNSIGNED32,32
152,1800,00,Read,UNSIGNED8,8
153,1800,01,Read/Write,UNSIGNED32,32
154,1800,02,Read/Write,UNSIGNED8,8
155,1800,03,Read/Write,UNSIGNED16,16
156,1800,04,Read/Write,UNSIGNED8,8
157,1800,05,Read/Write,UNSIGNED16,16
158,1800,06,Read/Write,UNSIGNED8,8
159,1801,00,Read,UNSIGNED8,8
160,1801,01,Read/Write,UNSIGNED32,32
161,1801,02,Read/Write,UNSIGNED8,8
162,1801,03,Read/Write,UNSIGNED16,16
163,1801,04,Read/Write,UNSIGNED8,8
164,1801,05,Read/Write,UNSIGNED16,16
165,1801,06,Read/Write,UNSIGNED8,8
166,1802,00,Read,UNSIGNED8,8
167,1802,01,Read/Write,UNSIGNED32,32
168,1802,02,Read/Write,UNSIGNED8,8
169,1802,03,Read/Write,UNSIGNED16,16
170,1802,04,Read/Write,UNSIGNED8,8
171,1802,05,Read/Write,UNSIGNED16,16
172,1802,06,Read/Write,UNSIGNED8,8
173,1803,00,Read,UNSIGNED8,8
174,1803,01,Read/Write,UNSIGNED32,32
175,1803,02,Read/Write,UNSIGNED8,8
176,1803,03,Read/Write,UNSIGNED16,16
177,1803,04,Read/Write,UNSIGNED8,8
178,1803,05,Read/Write,UNSIGNED16,16
179,1803,06,Read/Write,UNSIGNED8,8
180,1804,00,Read,UNSIGNED8,8
181,1804,01,Read/Write,UNSIGNED32,32
182,1804,02,Read/Write,UNSIGNED8,8
183,1804,03,Read/Write,UNSIGNED16,16
184,1804,04,Read/Write,UNSIGNED8,8
185,1804,05,Read/Write,UNSIGNED16,16
186,1804,06,Read/Write,UNSIGNED8,8
187,1805,00,Read,UNSIGNED8,8
188,1805,01,Read/Write,UNSIGNED32,32
189,1805,02,Read/Write,UNSIGNED8,8
190,1805,03,Read/Write,UNSIGNED16,16
191,1805,04,Read/Write,UNSIGNED8,8
192,1805,05,Read/Write,UNSIGNED16,16
193,1805,06,Read/Write,UNSIGNED8,8
194,1806,00,Read,UNSIGNED8,8
195,1806,01,Read/Write,UNSIGNED32,32
196,1806,02,Read/Write,UNSIGNED8,8
197,1806,03,Read/Write,UNSIGNED16,16
198,1806,04,Read/Write,UNSIGNED8,8
199,1806,05,Read/Write,UNSIGNED16,16
200,1806,06,Read/Write,UNSIGNED8,8
201,1807,00,Read,UNSIGNED8,8
202,1807,01,Read/Write,UNSIGNED32,32
203,1807,02,Read/Write,UNSIGNED8,8
204,1807,03,Read/Write,UNSIGNED16,16
205,1807,04,Read/Write,UNSIGNED8,8
206,1807,05,Read/Write,UNSIGNED16,16
207,1807,06,Read/Write,UNSIGNED8,8
208,1A00,00,Read/Write,UNSIGNED8,8
209,1A00,01,Read/Write,UNSIGNED32,32
210,1A00,02,Read/Write,UNSIGNED32,32
211,1A00,03,Read/Write,UNSIGNED32,32
212,1A00,04,Read/Write,UNSIGNED32,32
213,1A00,05,Read/Write,UNSIGNED32,32
214,1A00,06,Read/Write,UNSIGNED32,32
215,1A00,07,Read/Write,UNSIGNED32,32
216,1A00,08,Read/Write,UNSIGNED32,32
217,1A01,00,Read/Write,UNSIGNED8,8
218,1A01,01,Read/Write,UNSIGNED32,32
219,1A01,02,Read/Write,UNSIGNED32,32
220,1A01,03,Read/Write,UNSIGNED32,32
221,1A01,04,Read/Write,UNSIGNED32,32
222,1A01,05,Read/Write,UNSIGNED32,32
223,1A01,06,Read/Write,UNSIGNED32,32
224,1A01,07,Read/Write,UNSIGNED32,32
225,1A01,08,Read/Write,UNSIGNED32,32
226,1A02,00,Read/Write,UNSIGNED8,8
227,1A02,01,Read/Write,UNSIGNED32,32
228,1A02,02,Read/Write,UNSIGNED32,32
229,1A02,03,Read/Write,UNSIGNED32,32
230,1A02,04,Read/Write,UNSIGNED32,32
231,1A02,05,Read/Write,UNSIGNED32,32
232,1A02,06,Read/Write,UNSIGNED32,32
233,1A02,07,Read/Write,UNSIGNED32,32
234,1A02,08,Read/Write,UNSIGNED32,32
235,1A03,00,Read/Write,UNSIGNED8,8
236,1A03,01,Read/Write,UNSIGNED32,32
237,1A03,02,Read/Write,UNSIGNED32,32
238,1A03,03,Read/Write,UNSIGNED32,32
239,1A03,04,Read/Write,UNSIGNED32,32
240,1A03,05,Read/Write,UNSIGNED32,32
241,1A03,06,Read/Write,UNSIGNED32,32
242,1A03,07,Read/Write,UNSIGNED32,32
243,1A03,08,Read/Write,UNSIGNED32,32
244,1A04,00,Read/Write,UNSIGNED8,8
245,1A04,01,Read/Write,UNSIGNED32,32
246,1A04,02,Read/Write,UNSIGNED32,32
247,1A04,03,Read/Write,UNSIGNED32,32
248,1A04,04,Read/Write,UNSIGNED32,32
249,1A04,05,Read/Write,UNSIGNED32,32
250,1A04,06,Read/Write,UNSIGNED32,32
251,1A04,07,Read/Write,UNSIGNED32,32
252,1A04,08,Read/Write,UNSIGNED32,32
253,1A05,00,Read/Write,UNSIGNED8,8
254,1A05,01,Read/Write,UNSIGNED32,32
255,1A05,02,Read/Write,UNSIGNED32,32
256,1A05,03,Read/Write,UNSIGNED32,32
257,1A05,04,Read/Write,UNSIGNED32,32
258,1A05,05,Read/Write,UNSIGNED32,32
259,1A05,06,Read/Write,UNSIGNED32,32
260,1A05,07,Read/Write,UNSIGNED32,32
261,1A05,08,Read/Write,UNSIGNED32,32
262,1A06,00,Read/Write,UNSIGNED8,8
263,1A06,01,Read/Write,UNSIGNED32,32
264,1A06,02,Read/Write,UNSIGNED32,32
265,1A06,03,Read/Write,UNSIGNED32,32
266,1A06,04,Read/Write,UNSIGNED32,32
267,1A06,05,Read/Write,UNSIGNED32,32
268,1A06,06,Read/Write,UNSIGNED32,32
269,1A06,07,Read/Write,UNSIGNED32,32
270,1A06,08,Read/Write,UNSIGNED32,32
271,1A07,00,Read/Write,UNSIGNED8,8
272,1A07,01,Read/Write,UNSIGNED32,32
273,1A07,02,Read/Write,UNSIGNED32,32
274,1A07,03,Read/Write,UNSIGNED32,32
275,1A07,04,Read/Write,UNSIGNED32,32
276,1A07,05,Read/Write,UNSIGNED32,32
277,1A07,06,Read/Write,UNSIGNED32,32
278,1A07,07,Read/Write,UNSIGNED32,32
279,1A07,08,Read/Write,UNSIGNED32,32
280,1F50,00,Read,UNSIGNED8,8
281,1F50,01,Read/Write,DOMAIN,0
282,1F50,02,Read/Write,DOMAIN,0
283,1F51,00,Read,UNSIGNED8,8
284,1F51,01,Read/Write,UNSIGNED8,8
285,1F51,02,Read/Write,UNSIGNED8,8
286,1F57,00,Read,UNSIGNED8,8
287,1F57,01,Read,UNSIGNED32,32
288,1F57,02,Read,UNSIGNED32,32
289,1F80,00,Read/Write,UNSIGNED32,32
290,2005,00,Read/Write,UNSIGNED8,8
291,2007,00,Read,UNSIGNED8,8
292,2007,01,Read/Write,UNSIGNED32,32
293,2009,00,Read/Write,UNSIGNED8,8
294,2028,00,Read/Write,UNSIGNED8,8
295,202A,00,Read/Write,UNSIGNED32,32
296,202C,00,Read,UNSIGNED8,8
297,202D,00,Read/Write,UNSIGNED8,8
298,2030,00,Read/Write,UNSIGNED32,32
299,2031,00,Read/Write,UNSIGNED32,32
300,2034,00,Read/Write,UNSIGNED32,32
301,2035,00,Read/Write,UNSIGNED32,32
302,2036,00,Read/Write,UNSIGNED32,32
303,2037,00,Read/Write,INTEGER32,32
304,2038,00,Read,UNSIGNED8,8
305,2038,01,Read/Write,UNSIGNED32,32
306,2038,02,Read/Write,UNSIGNED32,32
307,2038,03,Read/Write,UNSIGNED32,32
308,2038,04,Read/Write,UNSIGNED32,32
309,2038,05,Read/Write,UNSIGNED32,32
310,2038,06,Read/Write,UNSIGNED32,32
311,2039,00,Read,UNSIGNED8,8
312,2039,01,Read,INTEGER32,32
313,2039,02,Read,INTEGER32,32
314,2039,03,Read,INTEGER32,32
315,2039,04,Read,INTEGER32,32
316,2039,05,Read,INTEGER32,32
317,203A,00,Read,UNSIGNED8,8
318,203A,01,Read/Write,INTEGER32,32
319,203A,02,Read/Write,INTEGER32,32
320,203B,00,Read,UNSIGNED8,8
321,203B,01,Read/Write,UNSIGNED32,32
322,203B,02,Read/Write,UNSIGNED32,32
323,203B,03,Read/Write,UNSIGNED32,32
324,203B,04,Read/Write,UNSIGNED32,32
325,203B,05,Read/Write,UNSIGNED32,32
326,203B,06,Read/Write,UNSIGNED32,32
327,203D,00,Read/Write,UNSIGNED16,16
328,203E,00,Read/Write,UNSIGNED16,16
329,203F,00,Read/Write,UNSIGNED16,16
330,2057,00,Read/Write,INTEGER32,32
331,2058,00,Read/Write,INTEGER32,32
332,205A,00,Read,INTEGER32,32
333,205B,00,Read/Write,UNSIGNED32,32
334,2084,00,Read/Write,UNSIGNED32,32
335,2101,00,Read,UNSIGNED32,32
336,2102,00,Read/Write,UNSIGNED32,32
337,2103,00,Read,UNSIGNED8,8
338,2103,01,Read,UNSIGNED32,32
339,2103,02,Read,UNSIGNED32,32
340,2290,00,Read/Write,UNSIGNED8,8
341,2291,00,Read,UNSIGNED8,8
342,2291,01,Read/Write,INTEGER32,32
343,2291,02,Read/Write,INTEGER16,16
344,2291,03,Read/Write,INTEGER8,8
345,2291,04,Read/Write,INTEGER8,8
346,2292,00,Read,UNSIGNED8,8
347,2292,01,Read,INTEGER16,16
348,2292,02,Read,INTEGER32,32
349,2300,00,Read/Write,UNSIGNED32,32
350,2301,00,Read,UNSIGNED32,32
351,2302,00,Read,UNSIGNED32,32
352,230E,00,Read,UNSIGNED8,8
353,230E,01,Read,UNSIGNED32,32
354,230F,00,Read,UNSIGNED32,32
355,2310,00,Read,UNSIGNED8,8
356,2310,01,Read,UNSIGNED32,32
357,2310,02,Read,UNSIGNED32,32
358,2310,03,Read,UNSIGNED32,32
359,2310,04,Read,UNSIGNED32,32
360,2310,05,Read,UNSIGNED32,32
361,2310,06,Read,UNSIGNED32,32
362,2310,07,Read,UNSIGNED32,32
363,2310,08,Read,UNSIGNED32,32
364,2310,09,Read,UNSIGNED32,32
365,2310,0A,Read,UNSIGNED32,32
366,2310,0B,Read,UNSIGNED32,32
367,2310,0C,Read,UNSIGNED32,32
368,2310,0D,Read,UNSIGNED32,32
369,2310,0E,Read,UNSIGNED32,32
370,2310,0F,Read,UNSIGNED32,32
371,2310,10,Read,UNSIGNED32,32
372,2320,00,Read,UNSIGNED8,8
373,2320,01,Read,UNSIGNED32,32
374,2320,02,Read,UNSIGNED32,32
375,2320,03,Read,UNSIGNED32,32
376,2320,04,Read,UNSIGNED32,32
377,2320,05,Read,UNSIGNED32,32
378,2320,06,Read,UNSIGNED32,32
379,2320,07,Read,UNSIGNED32,32
380,2320,08,Read,UNSIGNED32,32
381,2320,09,Read,UNSIGNED32,32
382,2320,0A,Read,UNSIGNED32,32
383,2320,0B,Read,UNSIGNED32,32
384,2320,0C,Read,UNSIGNED32,32
385,2320,0D,Read,UNSIGNED32,32
386,2320,0E,Read,UNSIGNED32,32
387,2320,0F,Read,UNSIGNED32,32
388,2320,10,Read,UNSIGNED32,32
389,2330,00,Read,UNSIGNED8,8
390,2330,01,Read,UNSIGNED32,32
391,2330,02,Read,UNSIGNED32,32
392,2330,03,Read,UNSIGNED32,32
393,2330,04,Read,UNSIGNED32,32
394,2330,05,Read,UNSIGNED32,32
395,2330,06,Read,UNSIGNED32,32
396,2330,07,Read,UNSIGNED32,32
397,2330,08,Read,UNSIGNED32,32
398,2330,09,Read,UNSIGNED32,32
399,2330,0A,Read,UNSIGNED32,32
400,2330,0B,Read,UNSIGNED32,32
401,2330,0C,Read,UNSIGNED32,32
402,2330,0D,Read,UNSIGNED32,32
403,2330,0E,Read,UNSIGNED32,32
404,2330,0F,Read,UNSIGNED32,32
405,2330,10,Read,UNSIGNED32,32
406,2400,00,Read,UNSIGNED8,8
407,2400,01,Read/Write,INTEGER32,32
408,2400,02,Read/Write,INTEGER32,32
409,2400,03,Read/Write,INTEGER32,32
410,2400,04,Read/Write,INTEGER32,32
411,2400,05,Read/Write,INTEGER32,32
412,2400,06,Read/Write,INTEGER32,32
413,2400,07,Read/Write,INTEGER32,32
414,2400,08,Read/Write,INTEGER32,32
415,2400,09,Read/Write,INTEGER32,32
416,2400,0A,Read/Write,INTEGER32,32
417,2400,0B,Read/Write,INTEGER32,32
418,2400,0C,Read/Write,INTEGER32,32
419,2400,0D,Read/Write,INTEGER32,32
420,2400,0E,Read/Write,INTEGER32,32
421,2400,0F,Read/Write,INTEGER32,32
422,2400,10,Read/Write,INTEGER32,32
423,2400,11,Read/Write,INTEGER32,32
424,2400,12,Read/Write,INTEGER32,32
425,2400,13,Read/Write,INTEGER32,32
426,2400,14,Read/Write,INTEGER32,32
427,2400,15,Read/Write,INTEGER32,32
428,2400,16,Read/Write,INTEGER32,32
429,2400,17,Read/Write,INTEGER32,32
430,2400,18,Read/Write,INTEGER32,32
431,2400,19,Read/Write,INTEGER32,32
432,2400,1A,Read/Write,INTEGER32,32
433,2400,1B,Read/Write,INTEGER32,32
434,2400,1C,Read/Write,INTEGER32,32
435,2400,1D,Read/Write,INTEGER32,32
436,2400,1E,Read/Write,INTEGER32,32
437,2400,1F,Read/Write,INTEGER32,32
438,2400,20,Read/Write,INTEGER32,32
439,2410,00,Read,UNSIGNED8,8
440,2410,01,Read/Write,INTEGER32,32
441,2410,02,Read/Write,INTEGER32,32
442,2410,03,Read/Write,INTEGER32,32
443,2410,04,Read/Write,INTEGER32,32
444,2410,05,Read/Write,INTEGER32,32
445,2410,06,Read/Write,INTEGER32,32
446,2410,07,Read/Write,INTEGER32,32
447,2410,08,Read/Write,INTEGER32,32
448,2410,09,Read/Write,INTEGER32,32
449,2410,0A,Read/Write,INTEGER32,32
450,2410,0B,Read/Write,INTEGER32,32
451,2410,0C,Read/Write,INTEGER32,32
452,2410,0D,Read/Write,INTEGER32,32
453,2410,0E,Read/Write,INTEGER32,32
454,2410,0F,Read/Write,INTEGER32,32
455,2410,10,Read/Write,INTEGER32,32
456,2410,11,Read/Write,INTEGER32,32
457,2410,12,Read/Write,INTEGER32,32
458,2410,13,Read/Write,INTEGER32,32
459,2410,14,Read/Write,INTEGER32,32
460,2410,15,Read/Write,INTEGER32,32
461,2410,16,Read/Write,INTEGER32,32
462,2410,17,Read/Write,INTEGER32,32
463,2410,18,Read/Write,INTEGER32,32
464,2410,19,Read/Write,INTEGER32,32
465,2410,1A,Read/Write,INTEGER32,32
466,2410,1B,Read/Write,INTEGER32,32
467,2410,1C,Read/Write,INTEGER32,32
468,2410,1D,Read/Write,INTEGER32,32
469,2410,1E,Read/Write,INTEGER32,32
470,2410,1F,Read/Write,INTEGER32,32
471,2410,20,Read/Write,INTEGER32,32
472,2500,00,Read,UNSIGNED8,8
473,2500,01,Read/Write,INTEGER32,32
474,2500,02,Read/Write,INTEGER32,32
475,2500,03,Read/Write,INTEGER32,32
476,2500,04,Read/Write,INTEGER32,32
477,2500,05,Read/Write,INTEGER32,32
478,2500,06,Read/Write,INTEGER32,32
479,2500,07,Read/Write,INTEGER32,32
480,2500,08,Read/Write,INTEGER32,32
481,2500,09,Read/Write,INTEGER32,32
482,2500,0A,Read/Write,INTEGER32,32
483,2500,0B,Read/Write,INTEGER32,32
484,2500,0C,Read/Write,INTEGER32,32
485,2500,0D,Read/Write,INTEGER32,32
486,2500,0E,Read/Write,INTEGER32,32
487,2500,0F,Read/Write,INTEGER32,32
488,2500,10,Read/Write,INTEGER32,32
489,2500,11,Read/Write,INTEGER32,32
490,2500,12,Read/Write,INTEGER32,32
491,2500,13,Read/Write,INTEGER32,32
492,2500,14,Read/Write,INTEGER32,32
493,2500,15,Read/Write,INTEGER32,32
494,2500,16,Read/Write,INTEGER32,32
495,2500,17,Read/Write,INTEGER32,32
496,2500,18,Read/Write,INTEGER32,32
497,2500,19,Read/Write,INTEGER32,32
498,2500,1A,Read/Write,INTEGER32,32
499,2500,1B,Read/Write,INTEGER32,32
500,2500,1C,Read/Write,INTEGER32,32
501,2500,1D,Read/Write,INTEGER32,32
502,2500,1E,Read/Write,INTEGER32,32
503,2500,1F,Read/Write,INTEGER32,32
504,2500,20,Read/Write,INTEGER32,32
505,2600,00,Read/Write,UNSIGNED8,8
506,2600,01,Read,UNSIGNED8,8
507,2600,02,Read,UNSIGNED8,8
508,2600,03,Read,UNSIGNED8,8
509,2600,04,Read,UNSIGNED8,8
510,2600,05,Read,UNSIGNED8,8
511,2600,06,Read,UNSIGNED8,8
512,2600,07,Read,UNSIGNED8,8
513,2600,08,Read,UNSIGNED8,8
514,2600,09,Read,UNSIGNED8,8
515,2600,0A,Read,UNSIGNED8,8
516,2600,0B,Read,UNSIGNED8,8
517,2600,0C,Read,UNSIGNED8,8
518,2600,0D,Read,UNSIGNED8,8
519,2600,0E,Read,UNSIGNED8,8
520,2600,0F,Read,UNSIGNED8,8
521,2600,10,Read,UNSIGNED8,8
522,2600,11,Read,UNSIGNED8,8
523,2600,12,Read,UNSIGNED8,8
524,2600,13,Read,UNSIGNED8,8
525,2600,14,Read,UNSIGNED8,8
526,2600,15,Read,UNSIGNED8,8
527,2600,16,Read,UNSIGNED8,8
528,2600,17,Read,UNSIGNED8,8
529,2600,18,Read,UNSIGNED8,8
530,2600,19,Read,UNSIGNED8,8
531,2600,1A,Read,UNSIGNED8,8
532,2600,1B,Read,UNSIGNED8,8
533,2600,1C,Read,UNSIGNED8,8
534,2600,1D,Read,UNSIGNED8,8
535,2600,1E,Read,UNSIGNED8,8
536,2600,1F,Read,UNSIGNED8,8
537,2600,20,Read,UNSIGNED8,8
538,2600,21,Read,UNSIGNED8,8
539,2600,22,Read,UNSIGNED8,8
540,2600,23,Read,UNSIGNED8,8
541,2600,24,Read,UNSIGNED8,8
542,2600,25,Read,UNSIGNED8,8
543,2600,26,Read,UNSIGNED8,8
544,2600,27,Read,UNSIGNED8,8
545,2600,28,Read,UNSIGNED8,8
546,2600,29,Read,UNSIGNED8,8
547,2600,2A,Read,UNSIGNED8,8
548,2600,2B,Read,UNSIGNED8,8
549,2600,2C,Read,UNSIGNED8,8
550,2600,2D,Read,UNSIGNED8,8
551,2600,2E,Read,UNSIGNED8,8
552,2600,2F,Read,UNSIGNED8,8
553,2600,30,Read,UNSIGNED8,8
554,2600,31,Read,UNSIGNED8,8
555,2600,32,Read,UNSIGNED8,8
556,2600,33,Read,UNSIGNED8,8
557,2600,34,Read,UNSIGNED8,8
558,2600,35,Read,UNSIGNED8,8
559,2600,36,Read,UNSIGNED8,8
560,2600,37,Read,UNSIGNED8,8
561,2600,38,Read,UNSIGNED8,8
562,2600,39,Read,UNSIGNED8,8
563,2600,3A,Read,UNSIGNED8,8
564,2600,3B,Read,UNSIGNED8,8
565,2600,3C,Read,UNSIGNED8,8
566,2600,3D,Read,UNSIGNED8,8
567,2600,3E,Read,UNSIGNED8,8
568,2600,3F,Read,UNSIGNED8,8
569,2600,40,Read,UNSIGNED8,8
570,2800,00,Read,UNSIGNED8,8
571,2800,01,Read/Write,UNSIGNED32,32
572,2800,02,Read/Write,UNSIGNED32,32
573,2800,03,Read/Write,UNSIGNED32,32
574,3202,00,Read/Write,UNSIGNED32,32
575,3203,00,Read,UNSIGNED8,8
576,3203,01,Read/Write,UNSIGNED8,8
577,3203,02,Read/Write,UNSIGNED8,8
578,3203,03,Read/Write,UNSIGNED8,8
579,3204,00,Read,UNSIGNED8,8
580,3204,01,Read,UNSIGNED16,16
581,3204,02,Read,UNSIGNED16,16
582,3204,03,Read,UNSIGNED16,16
583,320D,00,Read,UNSIGNED8,8
584,320D,01,Read/Write,UNSIGNED32,32
585,320D,02,Read/Write,UNSIGNED32,32
586,3210,00,Read,UNSIGNED8,8
587,3210,01,Read/Write,UNSIGNED32,32
588,3210,02,Read/Write,UNSIGNED32,32
589,3210,03,Read/Write,UNSIGNED32,32
590,3210,04,Read/Write,UNSIGNED32,32
591,3210,05,Read/Write,UNSIGNED32,32
592,3210,06,Read/Write,UNSIGNED32,32
593,3210,07,Read/Write,UNSIGNED32,32
594,3210,08,Read/Write,UNSIGNED32,32
595,3210,09,Read/Write,UNSIGNED32,32
596,3210,0A,Read/Write,UNSIGNED32,32
597,3210,0B,Read/Write,UNSIGNED32,32
598,3210,0C,Read/Write,UNSIGNED32,32
599,3212,00,Read,UNSIGNED8,8
600,3212,01,Read/Write,INTEGER8,8
601,3212,02,Read/Write,INTEGER8,8
602,3212,03,Read/Write,INTEGER8,8
603,3212,04,Read/Write,INTEGER8,8
604,321A,00,Read,UNSIGNED8,8
605,321A,01,Read/Write,UNSIGNED32,32
606,321A,02,Read/Write,UNSIGNED32,32
607,321A,03,Read/Write,UNSIGNED32,32
608,321A,04,Read/Write,UNSIGNED32,32
609,321B,00,Read,UNSIGNED8,8
610,321B,01,Read/Write,UNSIGNED32,32
611,321B,02,Read/Write,UNSIGNED32,32
612,321C,00,Read,UNSIGNED8,8
613,321C,01,Read/Write,UNSIGNED32,32
614,321C,02,Read/Write,UNSIGNED32,32
615,321D,00,Read,UNSIGNED8,8
616,321D,01,Read/Write,UNSIGNED32,32
617,321D,02,Read/Write,UNSIGNED32,32
618,321D,03,Read/Write,UNSIGNED32,32
619,321E,00,Read/Write,UNSIGNED32,32
620,3220,00,Read,UNSIGNED8,8
621,3220,01,Read,INTEGER16,16
622,3220,02,Read,INTEGER16,16
623,3221,00,Read/Write,INTEGER32,32
624,3240,00,Read,UNSIGNED8,8
625,3240,01,Read/Write,UNSIGNED32,32
626,3240,02,Read/Write,UNSIGNED32,32
627,3240,03,Read/Write,UNSIGNED32,32
628,3240,04,Read/Write,UNSIGNED32,32
629,3240,05,Read/Write,UNSIGNED32,32
630,3240,06,Read/Write,UNSIGNED32,32
631,3240,07,Read/Write,UNSIGNED32,32
632,3240,08,Read/Write,UNSIGNED32,32
633,3242,00,Read,UNSIGNED8,8
634,3242,01,Read/Write,UNSIGNED8,8
635,3242,02,Read/Write,UNSIGNED8,8
636,3242,03,Read/Write,UNSIGNED8,8
637,3242,04,Read/Write,UNSIGNED8,8
638,3242,05,Read/Write,UNSIGNED8,8
639,3242,06,Read/Write,UNSIGNED8,8
640,3242,07,Read/Write,UNSIGNED8,8
641,3242,08,Read/Write,UNSIGNED8,8
642,3242,09,Read/Write,UNSIGNED8,8
643,3242,0A,Read/Write,UNSIGNED8,8
644,3242,0B,Read/Write,UNSIGNED8,8
645,3242,0C,Read/Write,UNSIGNED8,8
646,3242,0D,Read/Write,UNSIGNED8,8
647,3242,0E,Read/Write,UNSIGNED8,8
648,3242,0F,Read/Write,UNSIGNED8,8
649,3242,10,Read/Write,UNSIGNED8,8
650,3242,11,Read/Write,UNSIGNED8,8
651,3242,12,Read/Write,UNSIGNED8,8
652,3242,13,Read/Write,UNSIGNED8,8
653,3242,14,Read/Write,UNSIGNED8,8
654,3242,15,Read/Write,UNSIGNED8,8
655,3242,16,Read/Write,UNSIGNED8,8
656,3242,17,Read/Write,UNSIGNED8,8
657,3242,18,Read/Write,UNSIGNED8,8
658,3242,19,Read/Write,UNSIGNED8,8
659,3242,1A,Read/Write,UNSIGNED8,8
660,3242,1B,Read/Write,UNSIGNED8,8
661,3242,1C,Read/Write,UNSIGNED8,8
662,3242,1D,Read/Write,UNSIGNED8,8
663,3242,1E,Read/Write,UNSIGNED8,8
664,3242,1F,Read/Write,UNSIGNED8,8
665,3242,20,Read/Write,UNSIGNED8,8
666,3243,00,Read,UNSIGNED8,8
667,3243,01,Read/Write,UNSIGNED32,32
668,3243,02,Read/Write,UNSIGNED32,32
669,3243,03,Read/Write,UNSIGNED32,32
670,3243,04,Read/Write,UNSIGNED32,32
671,3250,00,Read,UNSIGNED8,8
672,3250,01,Read/Write,UNSIGNED32,32
673,3250,02,Read/Write,UNSIGNED32,32
674,3250,03,Read/Write,UNSIGNED32,32
675,3250,04,Read/Write,UNSIGNED32,32
676,3250,05,Read/Write,UNSIGNED32,32
677,3250,06,Read/Write,UNSIGNED32,32
678,3250,07,Read/Write,UNSIGNED32,32
679,3250,08,Read/Write,UNSIGNED32,32
680,3250,09,Read/Write,UNSIGNED32,32
681,3252,00,Read,UNSIGNED8,8
682,3252,01,Read/Write,UNSIGNED16,16
683,3252,02,Read/Write,UNSIGNED16,16
684,3252,03,Read/Write,UNSIGNED16,16
685,3252,04,Read/Write,UNSIGNED16,16
686,3320,00,Read,UNSIGNED8,8
687,3320,01,Read,INTEGER32,32
688,3320,02,Read,INTEGER32,32
689,3321,00,Read,UNSIGNED8,8
690,3321,01,Read/Write,INTEGER16,16
691,3321,02,Read/Write,INTEGER16,16
692,3322,00,Read,UNSIGNED8,8
693,3322,01,Read/Write,INTEGER16,16
694,3322,02,Read/Write,INTEGER16,16
695,3323,00,Read,UNSIGNED8,8
696,3323,01,Read/Write,INTEGER16,16
697,3323,02,Read/Write,INTEGER16,16
698,3380,00,Read,UNSIGNED8,8
699,3380,01,Read/Write,UNSIGNED32,32
700,3380,02,Read/Write,UNSIGNED32,32
701,3380,03,Read/Write,UNSIGNED32,32
702,3380,04,Read/Write,UNSIGNED32,32
703,3380,05,Read/Write,UNSIGNED32,32
704,3390,00,Read,UNSIGNED8,8
705,3390,01,Read/Write,UNSIGNED16,16
706,3390,02,Read/Write,UNSIGNED16,16
707,3390,03,Read/Write,UNSIGNED16,16
708,3390,04,Read/Write,UNSIGNED16,16
709,3390,05,Read/Write,UNSIGNED16,16
710,3390,06,Read/Write,UNSIGNED16,16
711,3390,07,Read/Write,UNSIGNED16,16
712,3390,08,Read/Write,UNSIGNED16,16
713,3390,09,Read/Write,UNSIGNED16,16
714,3390,0A,Read/Write,UNSIGNED16,16
715,3390,0B,Read/Write,UNSIGNED16,16
716,3390,0C,Read/Write,UNSIGNED16,16
717,33A0,00,Read,UNSIGNED8,8
718,33A0,01,Read/Write,UNSIGNED16,16
719,33A0,02,Read/Write,UNSIGNED16,16
720,3502,00,Read/Write,UNSIGNED8,8
721,3502,01,Read/Write,UNSIGNED32,32
722,3502,02,Read/Write,UNSIGNED32,32
723,3502,03,Read/Write,UNSIGNED32,32
724,3502,04,Read/Write,UNSIGNED32,32
725,3502,05,Read/Write,UNSIGNED32,32
726,3502,06,Read/Write,UNSIGNED32,32
727,3502,07,Read/Write,UNSIGNED32,32
728,3502,08,Read/Write,UNSIGNED32,32
729,3502,09,Read/Write,UNSIGNED32,32
730,3502,0A,Read/Write,UNSIGNED32,32
731,3502,0B,Read/Write,UNSIGNED32,32
732,3502,0C,Read/Write,UNSIGNED32,32
733,3502,0D,Read/Write,UNSIGNED32,32
734,3502,0E,Read/Write,UNSIGNED32,32
735,3502,0F,Read/Write,UNSIGNED32,32
736,3502,10,Read/Write,UNSIGNED32,32
737,3602,00,Read/Write,UNSIGNED8,8
738,3602,01,Read/Write,UNSIGNED32,32
739,3602,02,Read/Write,UNSIGNED32,32
740,3602,03,Read/Write,UNSIGNED32,32
741,3602,04,Read/Write,UNSIGNED32,32
742,3602,05,Read/Write,UNSIGNED32,32
743,3602,06,Read/Write,UNSIGNED32,32
744,3602,07,Read/Write,UNSIGNED32,32
745,3602,08,Read/Write,UNSIGNED32,32
746,3602,09,Read/Write,UNSIGNED32,32
747,3602,0A,Read/Write,UNSIGNED32,32
748,3602,0B,Read/Write,UNSIGNED32,32
749,3602,0C,Read/Write,UNSIGNED32,32
750,3602,0D,Read/Write,UNSIGNED32,32
751,3602,0E,Read/Write,UNSIGNED32,32
752,3602,0F,Read/Write,UNSIGNED32,32
753,3602,10,Read/Write,UNSIGNED32,32
754,3700,00,Read/Write,INTEGER16,16
755,3701,00,Read/Write,INTEGER16,16
756,4012,00,Read,UNSIGNED8,8
757,4012,01,Read,UNSIGNED32,32
758,4013,00,Read,UNSIGNED8,8
759,4013,01,Read/Write,UNSIGNED32,32
760,4014,00,Read,UNSIGNED8,8
761,4014,01,Read,INTEGER32,32
762,4014,02,Read,INTEGER32,32
763,4014,03,Read,INTEGER32,32
764,4014,04,Read,INTEGER32,32
765,4014,05,Read,INTEGER32,32
766,4021,00,Read,UNSIGNED8,8
767,4021,01,Read/Write,UNSIGNED32,32
768,4021,02,Read/Write,UNSIGNED32,32
769,4021,03,Read/Write,UNSIGNED32,32
770,4040,00,Read,VISIBLE_STRING,0
771,4041,00,Read,0CTET_STRING,8
772,4042,00,Read,UNSIGNED8,8
773,4042,01,Read,UNSIGNED32,32
774,4042,02,Read,UNSIGNED32,32
775,4042,03,Read,UNSIGNED32,32
776,6007,00,Read/Write,INTEGER16,16
777,603F,00,Read,UNSIGNED16,16
778,6040,00,Read/Write,UNSIGNED16,16
779,6041,00,Read,UNSIGNED16,16
780,6042,00,Read/Write,INTEGER16,16
781,6043,00,Read,INTEGER16,16
782,6044,00,Read,INTEGER16,16
783,6046,00,Read,UNSIGNED8,8
784,6046,01,Read/Write,UNSIGNED32,32
785,6046,02,Read/Write,UNSIGNED32,32
786,6048,00,Read,UNSIGNED8,8
787,6048,01,Read/Write,UNSIGNED32,32
788,6048,02,Read/Write,UNSIGNED16,16
789,6049,00,Read,UNSIGNED8,8
790,6049,01,Read/Write,UNSIGNED32,32
791,6049,02,Read/Write,UNSIGNED16,16
792,604A,00,Read,UNSIGNED8,8
793,604A,01,Read/Write,UNSIGNED32,32
794,604A,02,Read/Write,UNSIGNED16,16
795,604C,00,Read,UNSIGNED8,8
796,604C,01,Read/Write,INTEGER32,32
797,604C,02,Read/Write,INTEGER32,32
798,605A,00,Read/Write,INTEGER16,16
799,605B,00,Read/Write,INTEGER16,16
800,605C,00,Read/Write,INTEGER16,16
801,605D,00,Read/Write,INTEGER16,16
802,605E,00,Read/Write,INTEGER16,16
803,6060,00,Read/Write,INTEGER8,8
804,6061,00,Read,INTEGER8,8
805,6062,00,Read,INTEGER32,32
806,6063,00,Read,INTEGER32,32
807,6064,00,Read,INTEGER32,32
808,6065,00,Read/Write,UNSIGNED32,32
809,6066,00,Read/Write,UNSIGNED16,16
810,6067,00,Read/Write,UNSIGNED32,32
811,6068,00,Read/Write,UNSIGNED16,16
812,606B,00,Read,INTEGER32,32
813,606C,00,Read,INTEGER32,32
814,606D,00,Read/Write,UNSIGNED16,16
815,606E,00,Read/Write,UNSIGNED16,16
816,606F,00,Read/Write,UNSIGNED16,16
817,6070,00,Read/Write,UNSIGNED16,16
818,6071,00,Read/Write,INTEGER16,16
819,6072,00,Read/Write,UNSIGNED16,16
820,6073,00,Read/Write,UNSIGNED16,16
821,6074,00,Read,INTEGER16,16
822,6075,00,Read/Write,UNSIGNED32,32
823,6077,00,Read,INTEGER16,16
824,607A,00,Read/Write,INTEGER32,32
825,607B,00,Read,UNSIGNED8,8
826,607B,01,Read/Write,INTEGER32,32
827,607B,02,Read/Write,INTEGER32,32
828,607C,00,Read/Write,INTEGER32,32
829,607D,00,Read,UNSIGNED8,8
830,607D,01,Read/Write,INTEGER32,32
831,607D,02,Read/Write,INTEGER32,32
832,607E,00,Read/Write,UNSIGNED8,8
833,607F,00,Read/Write,UNSIGNED32,32
834,6080,00,Read/Write,UNSIGNED32,32
835,6081,00,Read/Write,UNSIGNED32,32
836,6082,00,Read/Write,UNSIGNED32,32
837,6083,00,Read/Write,UNSIGNED32,32
838,6084,00,Read/Write,UNSIGNED32,32
839,6085,00,Read/Write,UNSIGNED32,32
840,6086,00,Read/Write,INTEGER16,16
841,6087,00,Read/Write,UNSIGNED32,32
842,608F,00,Read,UNSIGNED8,8
843,608F,01,Read/Write,INTEGER32,32
844,608F,02,Read/Write,INTEGER32,32
845,6090,00,Read,UNSIGNED8,8
846,6090,01,Read/Write,INTEGER32,32
847,6090,02,Read/Write,INTEGER32,32
848,6091,00,Read,UNSIGNED8,8
849,6091,01,Read/Write,UNSIGNED32,32
850,6091,02,Read/Write,UNSIGNED32,32
851,6092,00,Read,UNSIGNED8,8
852,6092,01,Read/Write,UNSIGNED32,32
853,6092,02,Read/Write,UNSIGNED32,32
854,6096,00,Read,UNSIGNED8,8
855,6096,01,Read/Write,UNSIGNED32,32
856,6096,02,Read/Write,UNSIGNED32,32
857,6097,00,Read,UNSIGNED8,8
858,6097,01,Read/Write,UNSIGNED32,32
859,6097,02,Read/Write,UNSIGNED32,32
860,6098,00,Read/Write,INTEGER8,8
861,6099,00,Read,UNSIGNED8,8
862,6099,01,Read/Write,UNSIGNED32,32
863,6099,02,Read/Write,UNSIGNED32,32
864,609A,00,Read/Write,UNSIGNED32,32
865,60A2,00,Read,UNSIGNED8,8
866,60A2,01,Read/Write,UNSIGNED32,32
867,60A2,02,Read/Write,UNSIGNED32,32
868,60A4,00,Read,UNSIGNED8,8
869,60A4,01,Read/Write,UNSIGNED32,32
870,60A4,02,Read/Write,UNSIGNED32,32
871,60A4,03,Read/Write,UNSIGNED32,32
872,60A4,04,Read/Write,UNSIGNED32,32
873,60A8,00,Read/Write,UNSIGNED32,32
874,60A9,00,Read/Write,UNSIGNED32,32
875,60B0,00,Read/Write,INTEGER32,32
876,60B1,00,Read/Write,INTEGER32,32
877,60B2,00,Read/Write,INTEGER16,16
878,60C1,00,Read,UNSIGNED8,8
879,60C1,01,Read/Write,INTEGER32,32
880,60C2,00,Read,UNSIGNED8,8
881,60C2,01,Read/Write,UNSIGNED8,8
882,60C2,02,Read/Write,INTEGER8,8
883,60C4,00,Read,UNSIGNED8,8
884,60C4,01,Read,UNSIGNED32,32
885,60C4,02,Read/Write,UNSIGNED32,32
886,60C4,03,Read/Write,UNSIGNED8,8
887,60C4,04,Read/Write,UNSIGNED16,16
888,60C4,05,Write,UNSIGNED8,8
889,60C4,06,Write,UNSIGNED8,8
890,60C5,00,Read/Write,UNSIGNED32,32
891,60C6,00,Read/Write,UNSIGNED32,32
892,60E4,00,Read,UNSIGNED8,8
893,60E4,01,Read,INTEGER32,32
894,60E4,02,Read,INTEGER32,32
895,60E4,03,Read,INTEGER32,32
896,60E5,00,Read,UNSIGNED8,8
897,60E5,01,Read,INTEGER32,32
898,60E5,02,Read,INTEGER32,32
899,60E5,03,Read,INTEGER32,32
900,60E6,00,Read,UNSIGNED8,8
901,60E6,01,Read/Write,INTEGER32,32
902,60E6,02,Read/Write,INTEGER32,32
903,60E6,03,Read/Write,INTEGER32,32
904,60E8,00,Read,UNSIGNED8,8
905,60E8,01,Read/Write,UNSIGNED32,32
906,60E8,02,Read/Write,UNSIGNED32,32
907,60E8,03,Read/Write,UNSIGNED32,32
908,60E9,00,Read,UNSIGNED8,8
909,60E9,01,Read/Write,UNSIGNED32,32
910,60E9,02,Read/Write,UNSIGNED32,32
911,60E9,03,Read/Write,UNSIGNED32,32
912,60EB,00,Read,UNSIGNED8,8
913,60EB,01,Read/Write,UNSIGNED32,32
914,60EB,02,Read/Write,UNSIGNED32,32
915,60EB,03,Read/Write,UNSIGNED32,32
916,60ED,00,Read,UNSIGNED8,8
917,60ED,01,Read/Write,UNSIGNED32,32
918,60ED,02,Read/Write,UNSIGNED32,32
919,60ED,03,Read/Write,UNSIGNED32,32
920,60EE,00,Read,UNSIGNED8,8
921,60EE,01,Read/Write,UNSIGNED32,32
922,60EE,02,Read/Write,UNSIGNED32,32
923,60EE,03,Read/Write,UNSIGNED32,32
924,60F2,00,Read/Write,UNSIGNED16,16
925,60F4,00,Read,INTEGER32,32
926,60F8,00,Read/Write,INTEGER32,32
927,60FA,00,Read,INTEGER32,32
928,60FC,00,Read,INTEGER32,32
929,60FD,00,Read,UNSIGNED32,32
930,60FE,00,Read,UNSIGNED8,8
931,60FE,01,Read/Write,UNSIGNED32,32
932,60FF,00,Read/Write,INTEGER32,32
933,6502,00,Read,UNSIGNED32,32
934,6503,00,Read,VISIBLE_STRING,0
935,6505,00,Read,VISIBLE_STRING,0
